{"cameraMode":{"drawMode":0,"name":"Shaded","section":"Shading Mode"},"sceneLighting":true,"audioPlay":false,"sceneViewState":{"showFog":true,"showMaterialUpdate":false,"showSkybox":true,"showFlares":true,"showImageEffects":true,"showParticleSystems":true},"in2DMode":false,"pivot":{"x":8.85731315612793,"y":4.2301225662231449,"z":5.920483589172363},"rotation":{"x":-0.19764016568660737,"y":0.1889278143644333,"z":-0.03885052353143692,"w":-0.9611129760742188},"size":10.642958641052246,"orthographic":false}